{
  "schema": "coordpy.cross_modal_code_bench_v1.v1",
  "vlm_model_id": "meta/llama-3.2-11b-vision-instruct",
  "code_model_id": "meta/llama-3.1-8b-instruct",
  "n_problems": 12,
  "n_seeds": 3,
  "K_multi_sample": 5,
  "per_seed": [
    {
      "schema": "coordpy.cross_modal_code_bench_v1.v1",
      "seed": 88046001,
      "n_problems": 12,
      "a0_text_pass_at_1": 0.583333,
      "a1_vlm_pass_at_1": 0.833333,
      "b_cross_pass_at_1": 0.833333,
      "a0_text_total_wall_ms": 51150,
      "a1_vlm_total_wall_ms": 126592,
      "b_cross_total_wall_ms": 146082,
      "outcome_cids": [
        "15739e9ae43145c8f42784290d9ab95c6a71e1e7fc004cb58921525d8e302e45",
        "c723acc1e40d5890f762089cd9cc90052947cfec97ee9f7d8ac3899518a42cc0",
        "30f3f1604a5d8c6ef491efb65daa19b055343fe2ef894ffc65a6a0b130938f20",
        "3b0e599159e8b052e1d0383eede06c6f26d82b44890d3419445d5da65cd22e3d",
        "d6583ef7fb5ad8c938c12393f73c6fef4d60725c0697bc7058377849e5520777",
        "7e4886a0dc16da25a5717950459a903c7e0c5b96ede74e8ca8f8e5fffec5e370",
        "7be6015cfd748da2a2e579cb6bb99c16cda603b11af946ba39202207d170a781",
        "becf79c273ed89c6fa7a4173be39c3bb17c2bcc5d10da3a7d77b573927183364",
        "073f4d9991ec3caaa592b2cfe772b5ec0260ecc2aaf53e0ae1d5b83e16cc2b56",
        "14661e8ba77db03114b9a6c3db2b22bb005790ea3888e601421a5924cc644113",
        "14579cd557204376a54dfa0d7e4f2e641d93e7684d5b2196e8198217402046be",
        "57f6f0d893b5fc6bdf8716a1b4f9eeceb959b38e300f6eefce8d59638aded731",
        "fed80ced709ac3a296998ffbb65ba56ad624a6223917fbe99d559152b80bf2e3",
        "65876a2ce766af3881db0e624f5eec0d55b13309bc4ae511e52f5ac46b6f142e",
        "65f4bfb47fb6a381278d5190d81eaccf3fa2c7eb0d4d0a7207dcc6553ee3c087",
        "1f71186b7fdb8013254625defac82d0445f377d12aec5e1516e842ad810a3919",
        "922550da4ac1a8509a03e86ed069fdf86a70d3aa39d3fb667fcb48ddd7d8e37a",
        "99b3935a14fdae9380ece5e5bd957d43b7c667aa143a1fee7547cadaf2d609ba",
        "587006315d97456c41aaa08cf9fa36de1e46ed0bd4daafdd7d3399f330dceeeb",
        "23e768c6ba1e65afff201e5552154ecec8ff200af4279479b704e91f4792a5a5",
        "1dd73ca496ac9f2864b335c47c09b4c5b70dfae1056b8ba2c254d06d4b8361a4",
        "725c7b67e33c9463ab24077298c7b353b2358a092930e4944387a681245c0407",
        "8dd6d133b8ad282d7d8ecfabcb1a2fe6a768387375da0d3126e56b1ac957c4b0",
        "c1f650cf74057b79c1bc575772fc9a40ac408ed61b7b3fdcd13b7e071f0bb55b",
        "4bbde072cbf953075c0cb335a79d36dc7eba133e262d6a3b05ff9367694c00ac",
        "4a08a9eb06829f729cf11ae47250bca6e9626bf09a61d676a2c1047e6907f483",
        "1ac9d0a0a91aa9cf388c03952aa8b27cda92c3d80ae6ed878d32c2dd0b421d77",
        "d096b0c07899efeb19e332d2a5c39fe9d5d40385f4925f7f20198d6df383327d",
        "34bf48ca00cef55f4ecdea2c1ec9ec8f539fad0fe1a986632f7bf4f721c14c48",
        "506aae52990151668322af13d0648d4d9055417e7db0f38c0bf33602fd5079f4",
        "f5c877b5b16e79c9fdd3b2d35c139f96b3c51f8a473a3492e9eff65ed97f32c3",
        "c1f78c7de897261f1a1611d46a2ccfaad47fda1b8822855a68abdc0c41c1dfcf",
        "33348b2a474fa3916d50692b0696fbf76747bc49a8855f0a529dffecfc5dccc6",
        "c6a09446ab0feffcceaee57b19c1430601910a5119d18f552cac8b142b8e424b",
        "f02f963213d9c57f70e0d7bbb4fd6a9b36c017c7c96ac5e121f1229c6a75e102",
        "b8927d74dfaabd296e3352e7f9bdeaed99030d0d8a4d76d70c03603aa2244983"
      ],
      "seed_merkle_root": "fd7a0317fbfd8d29d0cb5edb20be99674d98ec4f7ee72b9454365532e9273347"
    },
    {
      "schema": "coordpy.cross_modal_code_bench_v1.v1",
      "seed": 88046002,
      "n_problems": 12,
      "a0_text_pass_at_1": 0.75,
      "a1_vlm_pass_at_1": 0.833333,
      "b_cross_pass_at_1": 0.75,
      "a0_text_total_wall_ms": 30840,
      "a1_vlm_total_wall_ms": 137207,
      "b_cross_total_wall_ms": 150497,
      "outcome_cids": [
        "e4c6404a9550cb4aa5c18acee6c0aeb440bbde288bb009ba80143124959f35ef",
        "f6c746269dce705f919ec23508b9c9dfb44c79c0768eb55c4c79dac1041c5903",
        "dbbf10417504320292ae3a598c04a4ccf121a1f1fb4b6023b7710f58acf3a3f8",
        "102a7e580e8a55d495e24cc3cc110e118a1de8ea921febedfb9b4f2d40dc4d8e",
        "b0ba9a56efde4875c288fe751bf5b26f132d3790415a5413976e69dbd8695d4a",
        "928464d52c1b9dfdc86bfea2a43c724c3f758de60bfd7e490005670d1d059567",
        "188035809ccfe14f7e612e0e5be2bf11492a802c7e368e647a440d5b99fb4b6e",
        "6126b503c1729bb162d74df78f125fe4f8a445c21d1b15237df68735bb8e4dd7",
        "78b19ac54bc6bbe7c59afe63e79637704a02940d5442b7509206cf1844babee1",
        "1ea2adc360557340e57e97be75601a9c687b26c86acc146c96be350674c7fb39",
        "109af49ff72791549b75961d252516f4dd009e4e59e3bae62348c156691f794e",
        "e0a57771e57e17ac6124956d83a4d8f905786afb88b7d8cba705203aaa52c0ab",
        "033341adbccfba9a85359c2a568b374dc0dee4d53216a7a4b3affa52ed5c8fe2",
        "cae47d1f6cd47e37dea262a753d52262005f3afc3fd0630a319e22f1155738b1",
        "e53c4e6546002aac5e88e56450820e3470cce95d3575a97dc673d3a335ce2888",
        "adf0883e523a633dbf4b907105843b922db3d90d65af7f713030930f589126c5",
        "addd31065837cc0bc52cd338aba9a791d5a31ae675b94e195a0b8f490abdf460",
        "8813b886030db5277369838258e3202e9392dc452fa201fa2e1447d515e72749",
        "4f71d31e894f9a44f9bdf86644f28cff01ce998886ab33cb01a5ffbeb9c7de39",
        "c7865de42eba0cf30c49a0c0227124cd219cb5a45733c31161d7ec01d1ffa1b1",
        "17167a8475101135036ed2b870e27ab7b0162d25032ed86b9785279af421f95c",
        "e69271b8464de993e7d76c9a9ebc3fe6089e8d941a33e64076b4803343313eaf",
        "cf36ab5072cdcaba2d0cacf129a57ccd9aa09e8d5f2161c949cb3b71d7345c94",
        "6222f452d88353420fbf518cf15880761c5efb50c418d35595e7852988180955",
        "606242eb76c91b45502cbbe528f28e5d60c64aab18502bd96827e0aa8478ad53",
        "55ffe8891417532bdccfbb2893d0cfdb8908511fff6c4bc375d3f81dd1682900",
        "ad502a93941775a857f6e8c1bc7e4b7ebe326cc2d45035a66ba64dd0968e5bba",
        "232e06a3799c64e8b9109bebfc50362615ca25bb3f2c13033f906497eb331968",
        "3c2b124183211ac7872403e438af2211afe891d4ff441fcabed31342bf27781f",
        "0f7d8d60948fd5f89c228a4811d3f8f648960e013aa75796721c989ef74af47b",
        "dd377bbacde83aef9e9d8ee3242c2e4ed115f0f6c07196cf75be1960c538c159",
        "3830403ec5915a7c3b7d43ea7fec638599d852fac1a7a26b4a3c5631ea54fade",
        "79f0a57e9760deb634e3c9d1fc8c094b67290545de134e2cd91f889b194ee7cc",
        "357dcaf102f7360a0566eb1bfaed828eb93da8c8f070db7e3a1e6e01fd078f4e",
        "887c4acd00313bb718693757db8528da47b29bc57652dbf44b59b866bb4d0b48",
        "17e628d492910350fce584a40cacf27dcd6db7632cb9814c694d55e22b4b298e"
      ],
      "seed_merkle_root": "6e1ba57f6e4a58e94bd4872cda4d5f3d5715c94280f64a9a60174cc57a625d09"
    },
    {
      "schema": "coordpy.cross_modal_code_bench_v1.v1",
      "seed": 88046003,
      "n_problems": 12,
      "a0_text_pass_at_1": 0.666667,
      "a1_vlm_pass_at_1": 0.916667,
      "b_cross_pass_at_1": 0.833333,
      "a0_text_total_wall_ms": 23686,
      "a1_vlm_total_wall_ms": 130164,
      "b_cross_total_wall_ms": 165934,