{
  "schema": "coordpy.cross_modal_vlm_loop_bench_v1.v1",
  "vlm_model_id": "meta/llama-3.2-90b-vision-instruct",
  "text_model_id": "meta/llama-3.1-8b-instruct",
  "n_problems": 12,
  "n_seeds": 3,
  "K_multi_sample": 5,
  "per_seed": [
    {
      "schema": "coordpy.cross_modal_vlm_loop_bench_v1.v1",
      "seed": 90046001,
      "n_problems": 12,
      "a0_text_pass_at_1": 0.833333,
      "a1_vlm_pass_at_1": 0.916667,
      "b_vlm_loop_pass_at_1": 0.916667,
      "a0_text_total_wall_ms": 12180,
      "a1_vlm_total_wall_ms": 464948,
      "b_vlm_loop_total_wall_ms": 548744,
      "outcome_cids": [
        "dd36f99ca75fdb74f7cb81f21834e53b5e33cb77d7e454319eaf39edde3eca98",
        "26d9b59235d20ccb8b0b09e1f278ec0ee0a862e3e8728387508279285ea5e11c",
        "1343e14156b77646f1bb674c34e5e8cadc3380b7a09b83c7439b674f8ae205e8",
        "d5d0e2c273714a2a5fb14b69dc7db5de76e80a1ee04cd3aab0e8f8c4a2465577",
        "a8aacb02ae80dcdf3eff3c58398e0314e987aca1b58d045fa816601157407848",
        "69d30d8a8f452ce97f12cdc56e5631a2caab4c175babedd97afbf738d97ecb92",
        "5c5bb6ad060d80e6d3feef506a5daafa71de82aa7fe304b35196ebd6f3ba062b",
        "794e1b5008f70dcebedcc5604ae5d585d7e82997ab02204dcdbc5d53994e95ae",
        "390254974f82d2952816a6ed7e84c5b16e8e41b5df0594c02fef6d7324a34d54",
        "8bd3366452a7b986ffbc8101486e0f79b6b9d2d0b1c320dd07f10ee26bb2ce7f",
        "709bf3bc97a52ee8d09e5283dabce1c2506d383fadbde39440d5ef797a7e0879",
        "c3e6924255e0512eb647d7750d0a6380a4ab66d1bf8f63c2e529786bddba5f5b",
        "c7539544dec428d9d881217a37c712ebc22cd4261d4bad644d57988a87252627",
        "c931f2584775d0b2d01869fa9b1335fefc32a72e08f3b98e3b69e66139677a96",
        "2064fe865adbfe6128748fe9492390400a06b332b8d8af73c054ed6a55b934e3",
        "8cb852f3793ecfbd3e1fe66d8bc1d8242affd241dce890a7457fdc676c93c2ad",
        "50f7c2a0327af3a32edeae86a1fcb937ec7ef8ad4c2dce5d2729cb9ee95a017a",
        "b80a06537c0a7060d837d9baa2eb59b751aeb81a36e2dd09b13e16a75e11206d",
        "b13be7ad39e258d73ce1f6c4def663725b90259770edc91e2888ad7ab7e373b7",
        "29dcf906a7dfea3f2b073960f7ccd127d36a91747eec509c656d8a01cf6fd3bb",
        "a35f724413819c9c955b8d63711aeca321d61381c53e66b3282dac93156462d0",
        "ff770249e34403ea592637bb09cf8ce09eaeaf67250571f2ffb545e965c0d6f1",
        "cb43991a9b79ed565409e2b6cd3bddaecf633f7b12bc1b3dab5194a95852ca42",
        "ef47c628a678ba17f88e5c50dbac9220603aa7943c65945b4f3e659be6132cfc",
        "cfe57d4db0ceea0e01dae6ef2e301e92fdd74849d25850eea106a746865a1768",
        "fa1b00b631e874d26be1e321e09330eec05cf786edf9bcade6a5aa391cdf2bf3",
        "f142b2959731456389cc555e0d1b71b56ce5b4ad7f762cefe1e33dedf9b15686",
        "e468cd046cb394164ac255ee3d61ee592722d1eef540e70bf9524bb60f261828",
        "55d0a1587439fed7e0b0ca1028ee49501b0607786cbbd37e51379e177955282d",
        "e7a6ad18c1d60795ba82556a127a69c48a22f0650ec984348461a154fa8f9442",
        "98f69970e8b704a376d8469272d359ac310ce5b788e08788a264ffa728e8cdd2",
        "69908350a8c615fa74d2b961d523d6927a1edd9a30cf674c40c8b19df6cd6a28",
        "021c792284bb142536b079f1a634d33cccb65d38aeec02dc73059292c2f257e7",
        "a436ea17f8a60d7c4f0c64227737f39539e09e67b9478b98befcb0f3acabda73",
        "1b574cd62ace5d749afce2eb5dae2de5de34c26a1aad8d7f36b98563c3a18d0a",
        "7a15865c0fc2ff005f978b3495c61cfcc004204c196979d55d78d9fbd8b19275"
      ],
      "seed_merkle_root": "f156aa92f7f78ecda64256acd5b8947e61b2173c9616021ffbb697c699a45262"
    },
    {
      "schema": "coordpy.cross_modal_vlm_loop_bench_v1.v1",
      "seed": 90046002,
      "n_problems": 12,
      "a0_text_pass_at_1": 0.75,
      "a1_vlm_pass_at_1": 0.916667,
      "b_vlm_loop_pass_at_1": 1.0,
      "a0_text_total_wall_ms": 10811,
      "a1_vlm_total_wall_ms": 796443,
      "b_vlm_loop_total_wall_ms": 856544,
      "outcome_cids": [
        "0ef03fe74b84c8cb4b2fe8631f41997984bcbc218dca883744efc7987111e1ff",
        "69649e83442cb9331ad42d615d54dc26371d1a34d78535ba3908abbcab9009d8",
        "c437a1b063685219432b12364e17c52ae49699c4214b53b9bfa913851d5edc56",
        "1b28de0430c71fb17c98e150121aabe18ffacf2a4f31ea1fd1e2ce4583eec652",
        "4cfc3400e2b92dbeac77c3cb8a3c1e56cddc0fe5e517396b9b78fbebac46c803",
        "47fb71497ceacaf8a69a07e1bdfad69cdafc57ac9ea1e7117fa671b278d2674d",
        "49223ef9f918332dffb99f20ca8002b9db716aaf4a4f048ade9171a0ab489b04",
        "dc7fdbfdf02b50985d5be1156f7178d1ce572fd46fb48122e5cb596185972d38",
        "d2984823d3550095cbfb6dfb6449c830d2d47775f761b470b8675f4043282d4b",
        "f0b8a9b3e80c8124f60689993417cbd303dfa746ab69760f026b253b9e233e2f",
        "d096a51f7fc50706be6003c927ff8392d63f88b364ed3b1862f7c12862a7d94d",
        "732a8f306c0d6dbfa5fa318809690cc12102075028d0d993905e6d33ffd7096e",
        "ae8b88a7a3632380ec43bcc8e8948cc122468ec32d977ab468fe9ab205b71500",
        "29b1997101f199defd0547a5ae45034354a9b982a58c908bab3e9151ae01d9ff",
        "213e71374088c1392881d05e186eb7ffd6f42ba039c03e152de13173a7d8baed",
        "828f737de6b682637215893b761a9c627e62d1879ad1ecbb249667ce75ba4b93",
        "9171c0efb374106ec08b11e292700d39c69f28846291ea69376c994d4a2b56c9",
        "a2e78417fa472cdb78a655d6ef79ea38d9841f5836469067303a9b58a44e0b17",
        "7c2c0575a34223b90de4856042b1aa5b72f32be4f3cc72457f87c37f9e54f90c",
        "78b3e76242ba1b6fd6adb525e75cc427c0ce89691bdf79ac20a7107a7317dc1e",
        "72567e8c49f4cd0a6ff7c17ac65338d2837ff27e92591adb5cb571a95772a0b4",
        "5a167e32b74e80c50af321ea1f3a643c702dd28827cbddbe2d6c880635aa7130",
        "b7e0af91c82668924fd416702e807f70729840d598b7a68c8acad79771a64428",
        "33291364ee506414719802f46cfb45e61e5899aa43085e58bbf810370888dae2",
        "38ade0eb323c4c03aee748fd76f7756cc16c43fe0465ba63442de9408187a231",
        "960e17929c1b005a0dfa8bcf214679a97c0446de6d2fadbf4f9154dc25d8673a",
        "affc227d52c4c3798afafb7266114d2c5a24d6c2b468db6307821c879d4b1729",
        "f04a04a89c68f3c562a2c1e630ab21f00a1418bd717093be53ecbc65b7ee2ffd",
        "ac98385dcff05d80c7b5ef05104cf4e06dd891b707ac3062eb324b437eb82ac2",
        "954dcbf451ff08dc81e855b0ee5e20aba5b369710f75ff9fa2e66d5297cff55e",
        "10ced4051f90e6469ac250bed4f73e2ee98905b5a1e2b41383b0222c14aaaaea",
        "8d05636f747bd69ccc08fdcc2d632518b237ae50956bae3e730a14f4e7580759",
        "1e2b8fb636dadfe695eb1e1877128d687bac478e7f17feee71213d5f23801349",
        "f404cfe1b813f88a3d6f8cee5091dc1e7970f1ed6194bbc5c8f816d344af66a6",
        "5bab9f6507d5482459d87f6fe7692023ab8b2bd6c3a5a677d5ccfda63bafe995",
        "a3c052eab7954210dae50310710c82a85fdbf56738968e5aa2210077473023a6"
      ],
      "seed_merkle_root": "b3d6c67d90614490ced94d5cfc312022cfcb459b541db77320ae559878a2467e"
    },
    {
      "schema": "coordpy.cross_modal_vlm_loop_bench_v1.v1",
      "seed": 90046003,
      "n_problems": 12,
      "a0_text_pass_at_1": 0.666667,
      "a1_vlm_pass_at_1": 0.916667,
      "b_vlm_loop_pass_at_1": 0.833333,
      "a0_text_total_wall_ms": 9987,
      "a1_vlm_total_wall_ms": 539247,
      "b_vlm_loop_total_wall_ms": 525440,