{
  "schema": "coordpy.cross_modal_code_bench_v1.v1",
  "vlm_model_id": "meta/llama-3.2-90b-vision-instruct",
  "code_model_id": "meta/llama-3.3-70b-instruct",
  "n_problems": 12,
  "n_seeds": 3,
  "K_multi_sample": 5,
  "per_seed": [
    {
      "schema": "coordpy.cross_modal_code_bench_v1.v1",
      "seed": 88046001,
      "n_problems": 12,
      "a0_text_pass_at_1": 0.333333,
      "a1_vlm_pass_at_1": 0.916667,
      "b_cross_pass_at_1": 0.833333,
      "a0_text_total_wall_ms": 128447,
      "a1_vlm_total_wall_ms": 589113,
      "b_cross_total_wall_ms": 506725,
      "outcome_cids": [
        "4fb9ead6590988c3bc2de043d1d38fe998eda5d604e980c402ace16a13ed2f40",
        "96659d734a66971a8d72a16a69473acb2ce2caf229c0bb2fe6fb6efb1db3b290",
        "d5445eeec29c338e2bbbdd05bf21bc514659ecd264c095be92f9608ac73f81e5",
        "48a1dc18df50258859516520e4c55d70815bb71797a560e35f80741033f12f81",
        "44a653b2a73bfbe64060c824996649f3c2bb0963df57d92ff28a2ca2382781ac",
        "38e1feba5871088495a6b62c7a22f119d98e6adc91a5d0b099a6d4fe4a935e26",
        "cbac7627edcc51b4fcb00785e2771c1f41cd652a99fb982fdab3ece8e29c951a",
        "20dff9ad592b4910e6766dc155e4d33c12e5f7c9b516e7c86b390896380ab57d",
        "286e3c4f616b317286ae3ab6235fbc72f0df458731f122ffa1bac3292ba9e263",
        "7ee25f215fb53cd898d0068d1c92c4da93343132a7dcb71f1345be800228d2c3",
        "b046686e262bbf55f699ac4c01dc7cc62aa815b091a1d5d8276711dd21aa9ec9",
        "113c6f1c971c673e42fb3a8def781ab791ed93bbf405dc5f980065efeeeb3e5d",
        "9e2ce598de81efa4231e282f6eebac80628154140fd065c31d6d40314d983e28",
        "efbe1058a6eedea49c3231cc0e6c83455e4018b268b1cf3ed5164930c7b515ac",
        "c85f355cc49d5e38b6f3007152ec88e5b085943cb0e15f307b56dbe7ccd0af4c",
        "2e5b1aa2f12860ee1bc9a25d9b043b53065d1adbd63f5b3b0663590ef4ab48fe",
        "c8d1981795018721172237d32232c98c36fc26bab657e6b33727dd98f0d6630f",
        "1618feceac74b655145d43874c379d1e20d5bc839548cedb06c1a68d180188ce",
        "453e5b372cebd85c269a9075d91bb40e1752af525a21e211e2557cec4e195ec0",
        "5e92268e62643d1b7c658ee534bbb060d1b3fe4fb218a47923c0ca5a1591a3f2",
        "eb1766c50adee87bdffd0c07f2d653a8400ff8fc5eca1d226d49f38d75ed509d",
        "9379828a6cb01f9063730e0be042e5433d84b9ee62b2ad60bf0fc0659769402d",
        "dde8a91325057ea5ae05eb05c15918ed5aa1827dd7cd18c0045d2659fccd1be5",
        "6a4a4c76629c9d8117e5cc99ed9284659a9a6717eca3fa2a99fcad2ca691eec9",
        "080bdb1a0e1cec37c3a001b8acd62b636f5728dc3175b3373db80a4c764dbe82",
        "9f730988ccb5cedf3925fcd7d8b1205029eb9aa94fef3deb914d7f417d581817",
        "12effbd9b1e849bf53d31060b9260b6d280306f54d045d4dd771726241bbd7e8",
        "076566a072167b5e658eedd28bbcfd6ad2e5d11ddc879480783c6c29ae89941b",
        "cff4df9af9e62a23086e646ad52d5e59feb83fc1b576e65735484ea5f0b6be61",
        "360bc8550c1b7a6933f2e5172aa7b8f6743f5fa85575763825a03bc9fd705451",
        "f1ad966dd5e19ea28fa9ca80aa6231ab386d3048906742d5ec626dde3a67a158",
        "fd5e6bfef969a9c7186c91939a6eaeb9e5d79fde3db90fe82af50f54f082c43d",
        "a739a6cb6158651e911f3434b1d1c0798ca9ba72843b683fda27f4e3454eeea9",
        "61eba0e8586d78c67aa60d87d84c49bf0322ebb2ad9dedb54ef4036a09b5b601",
        "adc568d0d26893afc7e223a085dd0eb5a1b9d9f6fd4c27d849007756f05ec693",
        "7fa7dc49a14362ae4ffaabb0254f653fd7bf98eeb7798405c7cba8ddaecf220c"
      ],
      "seed_merkle_root": "efa82f413af7123ea9584e89074f2b945201a367a5a3b29be7f2020e0adaeb63"
    },
    {
      "schema": "coordpy.cross_modal_code_bench_v1.v1",
      "seed": 88046002,
      "n_problems": 12,
      "a0_text_pass_at_1": 0.333333,
      "a1_vlm_pass_at_1": 0.833333,
      "b_cross_pass_at_1": 0.916667,
      "a0_text_total_wall_ms": 122902,
      "a1_vlm_total_wall_ms": 1083745,
      "b_cross_total_wall_ms": 762630,
      "outcome_cids": [
        "872d28799eba87b79c699181e277ff506f1ddd9e515e1a705bd4d4098f478cc4",
        "ec9f420b4d256a7f028b1778da2ac0f1eb5bc5d950cb7f308f8fcb1b7fc69394",
        "2c8471ca0c56df2744dff0076fd7cfd5d04ee3ccbc39bee1336a6d8204dda04b",
        "30a31f7610cd915c17cf24040e25f234b467e1b5b9d62b75973e47bd37dc3aba",
        "0dd123eaeaf7c89a26442488886a243ebb1d193bad8f525c41e010dcb17923c8",
        "4b4a3e4db8e48578f64f9398504168ea896ac66f18e446f12ad6af314811abba",
        "5535d497403071aab28a2873f86c3ba7fe4f1e45adc16bf6e550a8417f78d998",
        "8c6bc7ee3b31615741182d9c4b43940d302a2af0e16101a0464bf130325d0c36",
        "6a6c711dc3aaefd5cd157aabcd90de6ee497aaf11df42f521f0f16e4360177b6",
        "42b3326a4de0ae21914e7847aaa203e8557a6fe10e454e6f9a0aa8bf2fad06f1",
        "08971947583e786503596c64d1f628bd5b1fb9292e16c27270f585cc4531b610",
        "7c2c376fba20f8961a179bda150f94146ccbb3da5d6f5b9094197235f0589a73",
        "f74981295ce73790c22a7e6f36cabc00ef3359ea4c425e618a32003dad22ede2",
        "67107a48add3f22f6421849b701d0c9ef3926b8f014a3124d05636a928ef01f1",
        "a7551e43134a29ab7c28d67f2f075b291219b9987d76e96b5e5e7ab168f4cda7",
        "20575961142b40a7540695b6875e562bafe6c3b459359c0afc5df0f1c54e9dc4",
        "82b03a1fe47a03b65274d3fc5659ccc28c771b808dca7a8adc4e97ac4c36c281",
        "db4fa9ceb1187bca064a02ab2b5c0d18aabf8e6c0f77b07327c02dadd4815948",
        "e73af7367ba27d27837ff1dc5763259186829bd581eeb60805f7dd453d1c843a",
        "fa9eb2d06bb955675888add2ff342ac9a838419fcae50695274fa6ba70e001a0",
        "705fc4c47f930a301ae26c025ad40e146b3c6354963f8e58f3aae2dc68150d84",
        "744f9ac79efdd40f5d86b4b010b80bdc8e27b05d9305bb0fd72a90952d047167",
        "da70965fc340c66b37699d47dc7cd30964f95e8607c241a21339e63d67ec8a69",
        "ad593c1886cb331146a7ecaa59352d2d24d38b50d92915b891e00d86ce1af752",
        "a4c67e98cff0e8b3486478d583e314e49cf7a4cbe4687f36c81a3c4582906099",
        "ac72f2df88c495524d76279c30fc636d5dd546997a751b9a251520a61ec7fbaa",
        "4db8337fc06d43b16a759bccbe362ba6128a6e010a8c24bfe67492da693bd898",
        "51e599ed997a17b05226155daba1b31274d1ec7d576865ed3b64f1f63184e299",
        "ce95bbe5b0614b12d3ca88ed96d61ebe15cc3e3a5546a6ed8cc914919b83992c",
        "e3063b2323d9c26ef90feb8a531af4c08787fcf5b4828adc815dfb7cc7642edb",
        "3d3f21fd9efcb4d69f13d4f3fe716cd3a14eefcb6d40683a8d9cf194d81c38dd",
        "a431ad2228ecad412098795dd12c1e7d9c88e665c3760d21acf2fc4f4459818b",
        "31e0a90886e70c2a24c2b3a9fc9131a3a7abc63adb9ada0d82b9b07099512f65",
        "40cd661722b65e05992f5d9d0dd452c18d2855807260762fb5f02aba49d34f92",
        "c4a486ae165308a0a08bfaffeff8eedb1ed545515912c5b9fe8ebc90441a1921",
        "a51370613fea8ab4a391fdea0e657f44e0fced0db55928f13e6085cb4db257b1"
      ],
      "seed_merkle_root": "35f870866ee6f5a0d4070e11039a35cdb1e89e5e1e39489fcac68acdd465d7d1"
    },
    {
      "schema": "coordpy.cross_modal_code_bench_v1.v1",
      "seed": 88046003,
      "n_problems": 12,
      "a0_text_pass_at_1": 0.333333,
      "a1_vlm_pass_at_1": 1.0,
      "b_cross_pass_at_1": 0.833333,
      "a0_text_total_wall_ms": 125435,
      "a1_vlm_total_wall_ms": 549023,
      "b_cross_total_wall_ms": 619926,