{
  "schema": "coordpy.cross_modal_code_bench_v1.v1",
  "vlm_model_id": "meta/llama-3.2-90b-vision-instruct",
  "code_model_id": "meta/llama-3.1-8b-instruct",
  "n_problems": 12,
  "n_seeds": 3,
  "K_multi_sample": 5,
  "per_seed": [
    {
      "schema": "coordpy.cross_modal_code_bench_v1.v1",
      "seed": 88046001,
      "n_problems": 12,
      "a0_text_pass_at_1": 0.583333,
      "a1_vlm_pass_at_1": 0.916667,
      "b_cross_pass_at_1": 0.75,
      "a0_text_total_wall_ms": 14365,
      "a1_vlm_total_wall_ms": 906156,
      "b_cross_total_wall_ms": 174800,
      "outcome_cids": [
        "5bebe0461b99c82b2b8c270e75917590e52bb898d182118b79b4b6dd292ea1dd",
        "cfec08b85c1529ab4c041e6221b61cc0c5ab4246f73926db651b7e714a551fd3",
        "19e14e3e0da170578514cfa250811eaf477d1e04b4ae3ba400c031b1488cb52f",
        "154a141ae74863ee60ee6ceeef23b1e8870125f5d11477013e7202b9fce33d79",
        "e942be750e7d848a731579ff24b2ea32c84842293bf34b01145d396eecdbfdd1",
        "bd9adf115ca76107bdcb951ba8e1f8acb9cbe352008a51ebb27e4739aff7d25c",
        "19a975a514ce6a7e4ac95f8a8d11c8d470a2eeec0d5d6273af6b088c30d26256",
        "852c87307679b88ff60ad18777da34044c743d40f2a42cd79068bdf991f6c4de",
        "b649afb579da225ae071b8d27f2338b3a19b6928ea89e44df67383761f7922b0",
        "aaf53a62b2e0d6c14ed3467bb485b84f3a0bd0b314aa543c050d47449f76b473",
        "09761aec9a8ee63e6856d6cecb77aeaab621267f97edeff9bb464ee2684f346c",
        "62d96ca2227bba71605c9c55f26fe10f1fd40810f7f3f51885643e4c7581b4e1",
        "d09c9ec93c2aeb14e08590c3b79dfbd6f3bd1e35b5ffef74d9fbef9314f63703",
        "fa95603b0e80a649f4e17a0a29c1139b1986ffcac7863497747b4f8c9022d5fe",
        "778d62309aae9687a9cd64144510eef94944ab032cf87d2e29fe24978ce76f85",
        "feb2327fbdbf5aae980c04b0175cea632e0ebad69f34b7e42e59d6f5d3e39e24",
        "d7b7b2d8b356cd9f75c7e16f6a6841fbd2e1ec612738c218c752b9f56c0529d5",
        "b86f2ce5ec105762e69c7d20192570f9451bfbb0915c4911ef4689f65f13d4e5",
        "b03df862a79b602c184351d04067836c79ab958e361698c5aa5679e3bd975aea",
        "0cc9e7fc680371c4418ea0bc79fc7cd8b12b3ba72b30d4fd5d93a594e8745c7e",
        "37578173e3c88f014cc6816567ae7036751d031cd1f1741d78d47934142758bc",
        "beee9dc7f876312933cfcedfa10428fed0d7b2e2903e76c39f03560c45910191",
        "a150e596d9041a353c667c69c144f9e5a3b1c5be9f7ca8f3fcfb35e9b3dc941a",
        "15a67d39fd1483aa8dfe24a00132e4e90ab56277f81cbc440fcf7f10abe09a26",
        "8b3309f94e3da5f9e012aaa91afe26782af2f61be4615d445fd0d00faf906904",
        "2fcc454908fc58d9196dc084c78cd9d5a6eb029c461605aea5ca8e0af313e3b0",
        "622bc5c9ec7a3ba41e1e46a55fd0edfadccc532e3a50d809f90da7b14e5b0bdb",
        "68b8bb530cd292fd2840ba808207d729e5b5420a558b68d7c554533b26356d11",
        "effa083da61e1db912315909f4da3958c03831a52658e0460b6e53128c4ee427",
        "3e9430ca4d9eccca5128d8a194590baf718fa1c553292b8365a61d837e7b8b5f",
        "d764cc88e33d151f004397c991ef9d6223548be6809a16bb2eca9f6a44612b19",
        "032ffa7a5c9667a3640cca1438da25edc866c3472a04a2b220d01aff9a094e60",
        "2f43cf40f4c3d9e552922e15bf127bc1ca73510bc4789d8f0593be4dc16bcd31",
        "3c94c6b88cc0d715e3e1844d942313ee5e2ca635ef2ac69eeaf734086535b002",
        "937b9ecf33cd0762a9245f95f06f89c37687e29e0f7a3679cf39f5d62cf99e38",
        "f79b13ae06a9a20cf3bbbedc5bbbeff0752fd7b148784fdf100f024b46630773"
      ],
      "seed_merkle_root": "6eb7b36836e1fbfa7fcdc7c88650d1ebdd2baaa27293957fff857e1e37f28761"
    },
    {
      "schema": "coordpy.cross_modal_code_bench_v1.v1",
      "seed": 88046002,
      "n_problems": 12,
      "a0_text_pass_at_1": 0.416667,
      "a1_vlm_pass_at_1": 0.75,
      "b_cross_pass_at_1": 0.583333,
      "a0_text_total_wall_ms": 12132,
      "a1_vlm_total_wall_ms": 819576,
      "b_cross_total_wall_ms": 138800,
      "outcome_cids": [
        "ca582e5f2680b6a0648507f3d7869b83866bcf30cd285432ba6e4980a2364160",
        "c57debf17a279e6e5435e8ef1b8048d4adfd7618b8882a15b8216476f8c1f49f",
        "a26b002ffc045f7c6b0b9581dada44e28c2e1ce87c382cc2e37a36db7ce29d57",
        "5cc9370b71870e9be2c1db6d8974289470b1d26d2ffab1cdd2b46c961d33ac6c",
        "2b7a540ddb7f7ee728c427ea0c0e9057396514eb894d76804d907c73a3e57ecb",
        "5a599e438fc9a321df6ddf9fc96cc67c00ad19cbf43292f88f84a4e983a1b55c",
        "5cdd08026b22f78cddf17388c50dcda68cf7951db6b9a47a8822569e478ceff3",
        "5df5e40ac265d446f3605840ffc72127770c385a62d95fde78bdbb7c76a820bc",
        "78625e3240627e3cf1333fdf7a74b96acbfdb3b49be6485adc000a882ecea624",
        "8e59b57857f54fe126c894b86a2888cc439cb7b33681ff1bd807da5d2b0aabd5",
        "dbc211ace9872e72fd4218d57186d7063c1298aeb08736475ae7e601db3931c7",
        "7eef5f36e78ebad71010a29d902ce40ecd65ad6c7809140db93253c17f1bd204",
        "3b0a41267eb5036f140490fc43bc68c35434bf44968a0c28c876a534b9815c7c",
        "63a4c1ba957ced7576b333d9622dacf7e7e9148256aa6178d822a4a64abd3686",
        "4e0d70ba94558b980cee4bc9457b4fd92479c410e7df1d90bf2878fb0a17314a",
        "4e8632294a6b863d82ae2e7bbef321b25877c44cf126a410a7936b0770c8fd88",
        "ae2534b6d6c37cff6f58a5e3f843b5ebb7cfa9c8044dced124825ad173df0e2b",
        "6770e71ce23d3bc4dd31b42d9e90dd08064428c68151cfa4ea1633bc86e24504",
        "d90357c80f6879662b0aac902054ef110b1d6bf5439646c784e2ed8f807242cb",
        "73487b2f82882c3720a1bd7014a1b74a1930705e4767bd7c2e4c8f3985761d17",
        "72237d06d2c36cc15ae84a88bcd9883094caa53da7fb0b5f90f21d1e40f9f513",
        "d3c653f2a0f05a76099533095865ff2de7e71883e99f42d6da187136666da557",
        "4b29728ff37578083d8b70a20621e20bf9edd9fe7944690f3c3d01b1fccf3df6",
        "1947e96ba3b5f86641e78a188214a71df155463485986501866cc4f9337294e1",
        "4cd952a274313b6b0848bf7b5c6e39defe98e7cf24a88354ccdb714155c41877",
        "e47bba42b093c1c32205ff9212bf92a0ae9e898c6cb2e99351ca2cd43d2c286e",
        "7664cc904fe0d36ee974238130d61416cc651b2b439a59a4179543a7a90c8adc",
        "24d41c17011badd0ebf01ca4870608e558695e30bd656f85d4b52a1e3b60fc2c",
        "7f47bc97e93a528d2e8875325388666e6af39a0038eb551ec00463fa27ee877d",
        "528bc3f05ee630bd7381b09e60102ade045cba601625157052830e8e61bf0310",
        "28af0c66c5a2d1809e3b1cd2e7787b3bd6593d276e2c8e9b8ceab88749793dae",
        "b071ad69f4ad39c2c820174b1989d96751817f678d6fa343fbda2f9f209a6242",
        "971bc2640537ffe68ef1ebe05c40bda3874981ee1c52f4bcfe65e35da62c727d",
        "ac459a796f9b71da6812cea78ecd502fa20ed001049f6c70f14779cbd7c22b6c",
        "e96b5b8f54e23fb18f8bf06fd31c74a2ca1fbbe7dd0aeb75163680d5b56a7e28",
        "4456caf34d726284eef2650c3b95037afc7bce9401bd5c543ebff3e0d3e3a4e3"
      ],
      "seed_merkle_root": "59b2faf754a6166ab778ad8d78200e93e04ca82b90fcaddef38f2c9322140b99"
    },
    {
      "schema": "coordpy.cross_modal_code_bench_v1.v1",
      "seed": 88046003,
      "n_problems": 12,
      "a0_text_pass_at_1": 0.25,
      "a1_vlm_pass_at_1": 0.916667,
      "b_cross_pass_at_1": 0.416667,
      "a0_text_total_wall_ms": 13210,
      "a1_vlm_total_wall_ms": 933425,
      "b_cross_total_wall_ms": 115411,