{
  "schema": "coordpy.cross_modal_vlm_loop_bench_v1.v1",
  "vlm_model_id": "meta/llama-3.2-90b-vision-instruct",
  "text_model_id": "meta/llama-3.1-8b-instruct",
  "n_problems": 12,
  "n_seeds": 3,
  "K_multi_sample": 5,
  "per_seed": [
    {
      "schema": "coordpy.cross_modal_vlm_loop_bench_v1.v1",
      "seed": 90046001,
      "n_problems": 12,
      "a0_text_pass_at_1": 0.416667,
      "a1_vlm_pass_at_1": 0.666667,
      "b_vlm_loop_pass_at_1": 0.75,
      "a0_text_total_wall_ms": 9840,
      "a1_vlm_total_wall_ms": 1128146,
      "b_vlm_loop_total_wall_ms": 1203221,
      "outcome_cids": [
        "7aeb09431e4939cb13d21352c5a9c75403d2fa2dd55d19a07d8cc4e6adaed50a",
        "0c9686801325a68e60b8027deea7e37943f63e348b429151d7592c325dddb374",
        "ff34fbab3ac8d7940b3cc200cfd34ea243dd7c1b3baf84c4501913e71c8514dd",
        "c935ed8b34e2aad21ad913bd9bcd1035651f7721abf6bd925b6a7f6617a01be1",
        "1303275dfd24c46a0196abd407dc85dcd77e58766f42dbfe4bd470134fb2b9bb",
        "bbca3b0f123f947691f9b526acd6d590f378dcc31c68f1aeaa3b68316f151234",
        "c73f769059189d0412c0d426a0b3b158d6ce14f4d2cfbe3a70b60dad68d39237",
        "542346013accc93d0df9aa9dd097e068caacc6f5212fbff356243980113992d9",
        "d24fb71072bb21de04525a3f5a49cf4ba217b9a57138555c79defeab88f3cce2",
        "0ee16700de936b9b55c5f3c2e1a75701a09ac3905812ae40b89a2b807e270db7",
        "177151c9ebdf23a443afebc666f97400d1ff6d504eca16aecbed4e7af4eb3679",
        "7da085c50cf40ccd27e7da1c7ecf6a4bd4f03de5d20fad6772884b30bff4d292",
        "c256d19ff843455127e6d95137bd5bb7524ee7caf3ba4f03ae3e3f3e4bea27a6",
        "0b5ccf211c93ae1de3ac91f50a6ed8eb7ace9fe1e45a0ead085af50d1430a7e6",
        "8e0b7174e4085f956e66443c326d8380296b7826c79ef9a404b940c859b0bfb6",
        "5c2b365cccd489ffeb0db8f0f1395d61a9483af2c23dd2894a6f9ede86c11b8b",
        "a9c77366ded722732464a6d8dc8c3f9216812077a06fb2f5c06127442c616373",
        "cc9c1a7858d556d4e8d1f44413426ee7b177b81be815201b0e21af6e42af1e69",
        "175ca74afb527b2618d9b59f35c00194860c7780d999e436bb08f26e94068bc6",
        "caf72feca283b5f2e663d66a2426885c05bc6eebfc23f355c431236888e5b4f9",
        "5b6ed8f7a9099c9f05c297fc4591fbee43ad01646c12a0b6f8e84dcebcf9cbf3",
        "4149fb47b4533a5cb4789300ce5c72054227be0f2d3990b74cb1fedbd6f8c4ea",
        "a3298cd624c1c0eae2f77ed8379c8cceb85709a6803d3bee47868d3a20deac21",
        "9ecde8dc28be4203a2c695cd51249da10d5e9aa94e2d731ff548e187573b9b83",
        "4370f256210b700bf31899b9a77e431a9e546669aa47c08a4a1352aaea38cc47",
        "91ab160f6e3d57e5f58a99d9fb266f1ddbcd784b85d3e3d70b5186c74f4f21a3",
        "2cf5ec179dc97f4440ffe92bc9e2feeca4ca0ae01b2a8d8c6de690cfbe5e8b06",
        "cfb1c9d85ef9a9a11ec969747a5401bf01c588ec151260f0c637b13074d56199",
        "a1cf6b787acc9cf15491ca398cc198143a1e1ce820439d7587660d03bfeff394",
        "0b89b3c5675ad047810e2b06560ddb1c7e2294d2d22ca040b81477df648b662b",
        "4688712cb48c7e334fdba2c42c224302b7bd9621182844afab019a988977bd3f",
        "e8a386f046738b30edcea1bf4b36476682fe7be7c0a5375bbfa1cc62975949d1",
        "5d57a4b009577f67ae2c638b9a95f8bc24b444c12778fd0f3b61a41505251993",
        "386b5e3e44154138e9e43e423dcb5516a4be4985da875fda070c6aa70c80a333",
        "2c81330447e92660f592bc755e370188048baa986685d64dbbb1d70ebd142490",
        "73ba9aea0c157b137ed539e95094e2905fbd9d5743b589df66b0988697e3b1c3"
      ],
      "seed_merkle_root": "bcb41e9387a1c7023dad187c225c4f97dd1f16cfeae67c418d01b8f40067996f"
    },
    {
      "schema": "coordpy.cross_modal_vlm_loop_bench_v1.v1",
      "seed": 90046002,
      "n_problems": 12,
      "a0_text_pass_at_1": 0.5,
      "a1_vlm_pass_at_1": 0.833333,
      "b_vlm_loop_pass_at_1": 0.916667,
      "a0_text_total_wall_ms": 8768,
      "a1_vlm_total_wall_ms": 1057613,
      "b_vlm_loop_total_wall_ms": 1059326,
      "outcome_cids": [
        "3685effe78b7e1beed65cc38840f038f9c792e5c4c0907c3736cb78ab1b569a0",
        "961806a25104dac09181b7783c27e0d557d43b84ff0824ba2ba8e066254d5298",
        "debc5dd7a7b20a4817e59b0055e28dc338b8abfcfdca63ae2165b163e3c55845",
        "14581eb6ae98c0c70d6eef39119fb07ffb60f2338b98537bf892870160c9e274",
        "f6e9a30033108b4a2ed7e80505283c636659f42089847a34138c214b8fcb84d5",
        "1d8ce1af245ee5371663afb07829b5a9337a95b7f4e24f3fdf29b8d75fdc4a48",
        "0c0c178608393873222a0c1c2bbde105637a1b5832719c37025637811ead5b9d",
        "38e9bae455a7f577397ab6322ba6946cb25a48932f5971f31476d0105b5440c9",
        "0ed627f2785973bbe02667e772b14c595d1e19d7976c80699253c7a204df07a9",
        "e493c69fd924dabff166b65dc661caf74273f47b36ad181df7d95fc3b3acfb5b",
        "014878e089ee742f96024e164e84ba5654d588bb18bf4bf5daafa3d699b4410f",
        "0e41669b53333c893bd6ce21a2ed98caabe13e2b2253502607416a6ebfcf29b5",
        "552ee5cad90637e82ef0b4f741fdc54becf9d290c80be8927441f2402d775f49",
        "a7451ff639e86b477ba8f52b7fc998edc14444feaa976a523223a8da5830d735",
        "ea9482d386bd91003a49571aa3bcd0981f1a00286237335c558bd156acadd964",
        "ac17bb7d99fea730d494f189fe2fdc5e5b576f1fc1cf707ff46bf7101c5a0312",
        "b5afc59947f0284b0bfb021cfd22501a528f8566c7949f9a5d90b96f7cb298dc",
        "c697f37955c58bf5aafcd791914b5fb35f375edd585d73b0b46fd56b802e8988",
        "01aed545df874ac95f88e20d4fb7d4455bdbd092ff41c5186c54a31e8a523383",
        "3a54b5b382c7e099798108cf5d08ac435025539a4b76df6e55da4908317235d3",
        "7d863d6740d836b77889b0b759860a387c9c857a3c8da51b891a252025dc0373",
        "80dab35c80e690794ebe5bd382e022d7d574a58668113aebf9c248f18666c7e5",
        "96b746a0777393b4912e01c80eb9231b62382fd2b9ba6c077d1fcef0c192325e",
        "1de569c48b20cc9a0b747d5c8d2d4b7fa1981e9caaf66c30b485dd195f6a3ddf",
        "c467165951fec3a5dd946ea2332ade4d6834042020199732bb6e44941983c613",
        "33582b644fe6af73864e879d827d0ad7b3c12cf3476e7d497f83a9ae65cab7d6",
        "f952f4cf9b6143bb2c68d9051a6bc49edc7107eddf6d766fbde3b0a1eae64524",
        "26d2c962317f31ff1046b640530bc45bceb6b97da14b6d4456fc1647beb37826",
        "78e29a3f306a9b7d8e78b399abba80a0cdbd543c7a7918496daf1dc2035f35aa",
        "489ce2f01135cf3840cee1db45ef2716466e496afc92af7342ab98754c79a8eb",
        "82d07902f19794332062ea69a65acca9b7127ab3d4880e683636245cb13e8582",
        "5f9386e92f77664ccbca17cba5543f2c4629a3255bd08332362d341099f82074",
        "62373313ab5c3b1884d1b2ad246168b533d15b1e74bedb71eeef560f2bafe33d",
        "3aede855826b1ec0d9981639874b07840fcdd8ccb40c4d1652afcde4f3a72a5b",
        "c8398f0c64af22c8601dbb9ee982b52e8d26924bac05e8bfd4435b3c5b9da11a",
        "e69c036f9e5a7e2eb66dce19ef5c87b797873e1b1fc88bc65f83b68fbe54f210"
      ],
      "seed_merkle_root": "cfcc95bbfb7b2b9e55d5a321dd5e39011034abd94da417f9212eb6f57b8dabba"
    },
    {
      "schema": "coordpy.cross_modal_vlm_loop_bench_v1.v1",
      "seed": 90046003,
      "n_problems": 12,
      "a0_text_pass_at_1": 0.416667,
      "a1_vlm_pass_at_1": 1.0,
      "b_vlm_loop_pass_at_1": 0.916667,
      "a0_text_total_wall_ms": 9940,
      "a1_vlm_total_wall_ms": 868058,
      "b_vlm_loop_total_wall_ms": 800653,